기간,자치구,동,전체인구,전체인구,전체인구,65세이상 인구,65세이상 인구,65세이상 인구,65세이상 인구,65세이상 인구,65세이상 인구,65세이상 인구,65세이상 인구,65세이상 인구
기간,자치구,동,전체인구,전체인구,전체인구,합계,합계,합계,내국인,내국인,내국인,외국인,외국인,외국인
기간,자치구,동,계,남자,여자,계,남자,여자,계,남자,여자,계,남자,여자
2020,합계,합계,"9,911,088","4,816,522","5,094,566","1,568,331","693,259","875,072","1,561,139","689,428","871,711","7,192","3,831","3,361"
2020,종로구,소계,"158,996","76,876","82,120","28,507","12,650","15,857","28,311","12,536","15,775",196,114,82
2020,종로구,사직동,"9,806","4,428","5,378","1,843",793,"1,050","1,829",784,"1,045",14,9,5
2020,종로구,삼청동,"2,909","1,406","1,503",674,292,382,652,277,375,22,15,7
2020,종로구,부암동,"10,333","4,937","5,396","1,839",811,"1,028","1,831",806,"1,025",8,5,3
2020,종로구,평창동,"18,582","8,636","9,946","3,398","1,445","1,953","3,383","1,436","1,947",15,9,6
2020,종로구,무악동,"8,592","3,999","4,593","1,460",622,838,"1,460",622,838,-,-,-
2020,종로구,교남동,"10,634","4,926","5,708","1,644",664,980,"1,637",660,977,7,4,3
2020,종로구,가회동,"4,418","2,052","2,366",937,386,551,932,382,550,5,4,1
2020,종로구,종로1.2.3.4가동,"8,448","4,965","3,483","1,991","1,114",877,"1,955","1,093",862,36,21,15
2020,종로구,종로5·6가동,"5,656","3,072","2,584","1,119",547,572,"1,114",545,569,5,2,3
2020,종로구,이화동,"8,111","3,757","4,354","1,415",595,820,"1,411",593,818,4,2,2
2020,종로구,창신1동,"5,964","3,190","2,774","1,268",630,638,"1,259",627,632,9,3,6
2020,종로구,창신2동,"9,503","4,857","4,646","1,793",783,"1,010","1,763",767,996,30,16,14
2020,종로구,창신3동,"7,107","3,508","3,599","1,241",557,684,"1,239",555,684,2,2,-
2020,종로구,숭인1동,"6,388","3,082","3,306","1,216",527,689,"1,209",523,686,7,4,3
2020,종로구,숭인2동,"10,178","5,070","5,108","1,703",835,868,"1,695",831,864,8,4,4
2020,종로구,청운효자동,"12,633","5,886","6,747","2,249",929,"1,320","2,230",917,"1,313",19,12,7
2020,종로구,혜화동,"19,734","9,105","10,629","2,717","1,120","1,597","2,712","1,118","1,594",5,2,3
2020,중구,소계,"134,635","65,776","68,859","24,495","10,834","13,661","24,174","10,652","13,522",321,182,139
2020,중구,소공동,"3,011","1,556","1,455",283,148,135,247,122,125,36,26,10
2020,중구,회현동,"5,757","3,051","2,706","1,552",800,752,"1,483",759,724,69,41,28
2020,중구,명동,"3,685","1,642","2,043",781,284,497,745,266,479,36,18,18
2020,중구,필동,"4,754","2,419","2,335",869,389,480,864,385,479,5,4,1
2020,중구,장충동,"5,468","2,723","2,745",846,369,477,837,364,473,9,5,4
2020,중구,광희동,"6,416","3,310","3,106","1,231",596,635,"1,199",579,620,32,17,15
2020,중구,을지로동,"1,967","1,173",794,525,301,224,512,294,218,13,7,6
2020,중구,신당5동,"10,867","5,266","5,601","1,784",748,"1,036","1,772",742,"1,030",12,6,6
2020,중구,황학동,"13,531","6,430","7,101","2,015",899,"1,116","1,988",883,"1,105",27,16,11
2020,중구,중림동,"12,801","6,398","6,403","2,126",948,"1,178","2,104",938,"1,166",22,10,12
2020,중구,신당동,"9,191","4,516","4,675","1,442",661,781,"1,416",647,769,26,14,12
2020,중구,다산동,"14,725","7,105","7,620","2,663","1,135","1,528","2,654","1,130","1,524",9,5,4
2020,중구,약수동,"17,354","8,184","9,170","3,799","1,630","2,169","3,783","1,621","2,162",16,9,7
2020,중구,청구동,"14,281","6,776","7,505","2,700","1,107","1,593","2,697","1,105","1,592",3,2,1
2020,중구,동화동,"10,827","5,227","5,600","1,879",819,"1,060","1,873",817,"1,056",6,2,4
2020,용산구,소계,"244,645","118,835","125,810","40,247","17,119","23,128","39,779","16,833","22,946",468,286,182
2020,용산구,후암동,"18,202","8,852","9,350","3,095","1,275","1,820","3,063","1,256","1,807",32,19,13
2020,용산구,용산2가동,"11,272","5,498","5,774","2,108",874,"1,234","2,083",857,"1,226",25,17,8
2020,용산구,남영동,"8,116","4,887","3,229","1,642",964,678,"1,623",956,667,19,8,11
2020,용산구,원효로2동,"14,331","6,732","7,599","2,420","1,011","1,409","2,418","1,011","1,407",2,-,2
2020,용산구,효창동,"10,326","4,894","5,432","1,459",609,850,"1,456",606,850,3,3,-
2020,용산구,용문동,"12,455","5,939","6,516","2,131",879,"1,252","2,127",876,"1,251",4,3,1
2020,용산구,이촌1동,"28,961","13,597","15,364","4,579","1,923","2,656","4,531","1,889","2,642",48,34,14
2020,용산구,이촌2동,"8,808","4,133","4,675","1,793",731,"1,062","1,787",725,"1,062",6,6,-
2020,용산구,이태원1동,"8,764","4,500","4,264","1,627",625,"1,002","1,588",604,984,39,21,18
2020,용산구,이태원2동,"10,795","5,072","5,723","1,916",776,"1,140","1,878",753,"1,125",38,23,15
2020,용산구,서빙고동,"14,000","6,753","7,247","2,113",881,"1,232","2,079",856,"1,223",34,25,9
2020,용산구,보광동,"15,531","7,919","7,612","2,817","1,114","1,703","2,799","1,105","1,694",18,9,9
2020,용산구,청파동,"20,496","9,570","10,926","3,380","1,376","2,004","3,358","1,367","1,991",22,9,13
2020,용산구,원효로1동,"16,730","8,091","8,639","2,006",884,"1,122","1,977",868,"1,109",29,16,13
2020,용산구,한강로동,"22,097","10,736","11,361","3,349","1,564","1,785","3,274","1,520","1,754",75,44,31
2020,용산구,한남동,"23,761","11,662","12,099","3,812","1,633","2,179","3,738","1,584","2,154",74,49,25
2020,성동구,소계,"300,505","146,424","154,081","45,603","19,904","25,699","45,435","19,810","25,625",168,94,74
2020,성동구,왕십리2동,"17,416","8,465","8,951","2,605","1,120","1,485","2,599","1,115","1,484",6,5,1
2020,성동구,마장동,"23,459","11,498","11,961","3,838","1,722","2,116","3,831","1,718","2,113",7,4,3
2020,성동구,사근동,"13,512","6,698","6,814","1,496",641,855,"1,490",638,852,6,3,3
2020,성동구,행당1동,"14,363","6,923","7,440","2,119",940,"1,179","2,118",939,"1,179",1,1,-
2020,성동구,행당2동,"24,151","11,327","12,824","3,762","1,576","2,186","3,760","1,575","2,185",2,1,1
2020,성동구,응봉동,"15,824","7,500","8,324","2,527","1,026","1,501","2,526","1,026","1,500",1,-,1
2020,성동구,금호1가동,"15,795","7,557","8,238","2,595","1,112","1,483","2,589","1,109","1,480",6,3,3
2020,성동구,금호4가동,"14,842","7,104","7,738","2,318",963,"1,355","2,313",961,"1,352",5,2,3
2020,성동구,성수1가1동,"16,851","8,451","8,400","2,195",996,"1,199","2,186",990,"1,196",9,6,3
2020,성동구,성수1가2동,"13,738","6,745","6,993","1,927",874,"1,053","1,920",871,"1,049",7,3,4
2020,성동구,성수2가1동,"17,146","8,925","8,221","2,855","1,308","1,547","2,833","1,294","1,539",22,14,8
2020,성동구,성수2가3동,"11,457","5,833","5,624","1,872",891,981,"1,861",885,976,11,6,5
2020,성동구,송정동,"11,143","5,868","5,275","1,743",812,931,"1,727",803,924,16,9,7
2020,성동구,용답동,"12,724","6,616","6,108","2,144",986,"1,158","2,117",972,"1,145",27,14,13
2020,성동구,왕십리도선동,"27,588","13,126","14,462","3,702","1,602","2,100","3,690","1,597","2,093",12,5,7
2020,성동구,금호2.3가동,"23,584","11,234","12,350","3,888","1,610","2,278","3,879","1,605","2,274",9,5,4
2020,성동구,옥수동,"26,912","12,554","14,358","4,017","1,725","2,292","3,996","1,712","2,284",21,13,8
2020,광진구,소계,"360,109","173,000","187,109","50,560","22,621","27,939","50,311","22,500","27,811",249,121,128
2020,광진구,화양동,"25,541","11,719","13,822","2,348","1,027","1,321","2,331","1,017","1,314",17,10,7
2020,광진구,군자동,"21,903","10,750","11,153","2,959","1,334","1,625","2,945","1,329","1,616",14,5,9
2020,광진구,중곡1동,"16,190","7,856","8,334","2,491","1,145","1,346","2,481","1,139","1,342",10,6,4
2020,광진구,중곡2동,"22,285","10,533","11,752","3,227","1,441","1,786","3,219","1,437","1,782",8,4,4
2020,광진구,중곡3동,"16,902","8,356","8,546","2,816","1,243","1,573","2,811","1,241","1,570",5,2,3
2020,광진구,중곡4동,"29,815","14,564","15,251","4,998","2,252","2,746","4,992","2,251","2,741",6,1,5
2020,광진구,능동,"11,913","5,478","6,435","1,621",721,900,"1,615",718,897,6,3,3
2020,광진구,구의1동,"22,700","10,839","11,861","3,090","1,337","1,753","3,072","1,331","1,741",18,6,12
2020,광진구,구의2동,"27,444","13,174","14,270","4,265","1,868","2,397","4,258","1,864","2,394",7,4,3
2020,광진구,구의3동,"29,588","14,069","15,519","3,957","1,807","2,150","3,946","1,803","2,143",11,4,7
2020,광진구,광장동,"35,619","17,201","18,418","3,702","1,674","2,028","3,694","1,669","2,025",8,5,3
2020,광진구,자양1동,"23,710","11,362","12,348","3,408","1,466","1,942","3,384","1,455","1,929",24,11,13
2020,광진구,자양2동,"26,016","12,670","13,346","3,914","1,793","2,121","3,911","1,790","2,121",3,3,-
2020,광진구,자양3동,"28,957","13,885","15,072","4,050","1,858","2,192","4,038","1,851","2,187",12,7,5
2020,광진구,자양4동,"21,526","10,544","10,982","3,714","1,655","2,059","3,614","1,605","2,009",100,50,50
2020,동대문구,소계,"357,014","175,322","181,692","61,796","27,482","34,314","61,612","27,398","34,214",184,84,100
2020,동대문구,회기동,"12,663","5,813","6,850","1,565",635,930,"1,559",631,928,6,4,2
2020,동대문구,휘경1동,"15,362","7,226","8,136","2,130",937,"1,193","2,124",936,"1,188",6,1,5
2020,동대문구,휘경2동,"24,992","12,311","12,681","3,915","1,732","2,183","3,910","1,729","2,181",5,3,2
2020,동대문구,청량리동,"20,432","10,187","10,245","5,278","2,335","2,943","5,251","2,327","2,924",27,8,19
2020,동대문구,용신동,"32,602","16,452","16,150","5,703","2,647","3,056","5,667","2,633","3,034",36,14,22
2020,동대문구,제기동,"27,017","13,572","13,445","5,741","2,544","3,197","5,718","2,532","3,186",23,12,11
2020,동대문구,전농1동,"30,722","15,383","15,339","5,651","2,552","3,099","5,630","2,540","3,090",21,12,9
2020,동대문구,전농2동,"19,449","9,341","10,108","3,633","1,591","2,042","3,631","1,591","2,040",2,-,2
2020,동대문구,답십리2동,"29,486","14,315","15,171","5,485","2,386","3,099","5,478","2,382","3,096",7,4,3
2020,동대문구,장안1동,"39,287","19,488","19,799","6,321","2,959","3,362","6,305","2,953","3,352",16,6,10
2020,동대문구,장안2동,"33,339","16,644","16,695","5,085","2,290","2,795","5,079","2,285","2,794",6,5,1
2020,동대문구,이문1동,"21,205","10,180","11,025","3,287","1,407","1,880","3,275","1,400","1,875",12,7,5
2020,동대문구,이문2동,"20,947","10,134","10,813","3,853","1,672","2,181","3,842","1,665","2,177",11,7,4
2020,동대문구,답십리1동,"29,511","14,276","15,235","4,149","1,795","2,354","4,143","1,794","2,349",6,1,5
2020,중랑구,소계,"399,562","197,118","202,444","69,447","31,098","38,349","69,341","31,049","38,292",106,49,57
2020,중랑구,면목2동,"25,214","12,514","12,700","4,441","1,954","2,487","4,434","1,948","2,486",7,6,1
2020,중랑구,면목4동,"19,270","9,584","9,686","3,690","1,582","2,108","3,683","1,577","2,106",7,5,2
2020,중랑구,면목5동,"14,661","7,373","7,288","2,138",984,"1,154","2,134",981,"1,153",4,3,1
2020,중랑구,면목7동,"22,714","11,352","11,362","4,206","1,898","2,308","4,201","1,898","2,303",5,-,5
2020,중랑구,상봉1동,"24,912","12,165","12,747","3,626","1,586","2,040","3,620","1,583","2,037",6,3,3
2020,중랑구,상봉2동,"20,214","9,812","10,402","2,956","1,391","1,565","2,952","1,389","1,563",4,2,2
2020,중랑구,중화1동,"20,400","9,973","10,427","3,497","1,565","1,932","3,494","1,564","1,930",3,1,2
2020,중랑구,중화2동,"26,073","13,359","12,714","4,989","2,292","2,697","4,968","2,285","2,683",21,7,14
2020,중랑구,묵1동,"35,588","17,210","18,378","5,772","2,609","3,163","5,767","2,608","3,159",5,1,4
2020,중랑구,묵2동,"19,672","9,660","10,012","3,464","1,570","1,894","3,455","1,567","1,888",9,3,6
2020,중랑구,망우3동,"17,508","8,756","8,752","3,298","1,491","1,807","3,296","1,489","1,807",2,2,-
2020,중랑구,신내1동,"39,831","19,385","20,446","6,612","2,922","3,690","6,606","2,918","3,688",6,4,2
2020,중랑구,신내2동,"21,302","10,139","11,163","3,891","1,674","2,217","3,890","1,674","2,216",1,-,1
2020,중랑구,면목본동,"35,424","17,521","17,903","5,995","2,620","3,375","5,988","2,618","3,370",7,2,5
2020,중랑구,면목3.8동,"25,995","12,889","13,106","4,912","2,250","2,662","4,904","2,244","2,660",8,6,2
2020,중랑구,망우본동,"30,784","15,426","15,358","5,960","2,710","3,250","5,949","2,706","3,243",11,4,7
2020,성북구,소계,"447,056","214,658","232,398","73,770","31,721","42,049","73,613","31,651","41,962",157,70,87
2020,성북구,돈암1동,"15,379","7,185","8,194","2,861","1,212","1,649","2,861","1,212","1,649",-,-,-
2020,성북구,돈암2동,"24,686","11,738","12,948","3,427","1,463","1,964","3,424","1,463","1,961",3,-,3
2020,성북구,안암동,"16,580","8,113","8,467","2,165",896,"1,269","2,158",894,"1,264",7,2,5
2020,성북구,보문동,"16,123","7,771","8,352","2,417","1,011","1,406","2,407","1,006","1,401",10,5,5
2020,성북구,정릉1동,"18,929","9,098","9,831","3,103","1,307","1,796","3,097","1,306","1,791",6,1,5
2020,성북구,정릉2동,"23,736","11,450","12,286","4,389","1,905","2,484","4,379","1,900","2,479",10,5,5
2020,성북구,정릉3동,"16,847","8,265","8,582","3,284","1,370","1,914","3,284","1,370","1,914",-,-,-
2020,성북구,정릉4동,"25,993","12,511","13,482","4,792","2,085","2,707","4,787","2,083","2,704",5,2,3
2020,성북구,길음1동,"36,568","17,395","19,173","4,495","1,896","2,599","4,487","1,893","2,594",8,3,5
2020,성북구,길음2동,"17,167","8,301","8,866","2,577","1,105","1,472","2,576","1,104","1,472",1,1,-
2020,성북구,월곡1동,"27,108","13,081","14,027","4,671","2,068","2,603","4,666","2,066","2,600",5,2,3
2020,성북구,월곡2동,"20,396","9,817","10,579","3,600","1,576","2,024","3,595","1,575","2,020",5,1,4
2020,성북구,장위1동,"20,449","9,934","10,515","3,707","1,599","2,108","3,701","1,597","2,104",6,2,4
2020,성북구,장위2동,"14,106","6,970","7,136","3,121","1,368","1,753","3,112","1,366","1,746",9,2,7
2020,성북구,장위3동,"17,359","8,578","8,781","2,346","1,077","1,269","2,346","1,077","1,269",-,-,-
2020,성북구,성북동,"17,404","8,088","9,316","3,074","1,303","1,771","3,053","1,292","1,761",21,11,10
2020,성북구,삼선동,"24,144","11,454","12,690","3,912","1,646","2,266","3,901","1,638","2,263",11,8,3
2020,성북구,동선동,"16,246","6,734","9,512","2,281",954,"1,327","2,263",944,"1,319",18,10,8
2020,성북구,종암동,"41,353","20,142","21,211","6,638","2,770","3,868","6,629","2,765","3,864",9,5,4
2020,성북구,석관동,"36,483","18,033","18,450","6,910","3,110","3,800","6,887","3,100","3,787",23,10,13
2020,강북구,소계,"311,569","151,466","160,103","63,422","27,275","36,147","63,313","27,225","36,088",109,50,59
2020,강북구,번1동,"19,441","9,712","9,729","3,569","1,599","1,970","3,558","1,592","1,966",11,7,4
2020,강북구,번2동,"16,544","8,016","8,528","3,948","1,583","2,365","3,945","1,583","2,362",3,-,3
2020,강북구,번3동,"17,605","8,268","9,337","4,609","1,772","2,837","4,609","1,772","2,837",-,-,-
2020,강북구,수유1동,"21,468","10,600","10,868","4,423","1,958","2,465","4,419","1,955","2,464",4,3,1
2020,강북구,수유2동,"21,595","10,317","11,278","4,714","1,997","2,717","4,708","1,994","2,714",6,3,3
2020,강북구,수유3동,"23,907","11,801","12,106","4,560","1,996","2,564","4,553","1,992","2,561",7,4,3
2020,강북구,삼양동,"24,742","12,309","12,433","4,888","2,196","2,692","4,886","2,195","2,691",2,1,1
2020,강북구,미아동,"22,723","10,909","11,814","4,454","1,924","2,530","4,437","1,917","2,520",17,7,10
2020,강북구,송중동,"30,934","14,819","16,115","6,006","2,622","3,384","5,986","2,614","3,372",20,8,12
2020,강북구,송천동,"27,871","13,811","14,060","6,153","2,729","3,424","6,138","2,722","3,416",15,7,8
2020,강북구,삼각산동,"32,118","15,441","16,677","4,371","1,806","2,565","4,364","1,804","2,560",7,2,5
2020,강북구,우이동,"21,076","10,254","10,822","4,790","2,101","2,689","4,780","2,094","2,686",10,7,3
2020,강북구,인수동,"31,545","15,209","16,336","6,937","2,992","3,945","6,930","2,991","3,939",7,1,6
2020,도봉구,소계,"327,361","159,420","167,941","62,059","27,726","34,333","62,009","27,704","34,305",50,22,28
2020,도봉구,쌍문1동,"22,016","10,569","11,447","4,430","1,983","2,447","4,428","1,982","2,446",2,1,1
2020,도봉구,쌍문2동,"19,406","9,338","10,068","3,798","1,633","2,165","3,795","1,632","2,163",3,1,2
2020,도봉구,쌍문3동,"16,922","8,196","8,726","3,397","1,497","1,900","3,394","1,494","1,900",3,3,-
2020,도봉구,쌍문4동,"19,297","9,099","10,198","2,981","1,329","1,652","2,980","1,328","1,652",1,1,-
2020,도봉구,방학1동,"29,236","14,513","14,723","5,606","2,586","3,020","5,597","2,583","3,014",9,3,6
2020,도봉구,방학2동,"20,473","10,330","10,143","4,277","1,940","2,337","4,275","1,940","2,335",2,-,2
2020,도봉구,방학3동,"27,973","13,613","14,360","4,815","2,094","2,721","4,814","2,094","2,720",1,-,1
2020,도봉구,창1동,"25,400","12,091","13,309","4,457","1,935","2,522","4,447","1,930","2,517",10,5,5
2020,도봉구,창2동,"29,912","14,597","15,315","5,065","2,274","2,791","5,062","2,274","2,788",3,-,3
2020,도봉구,창3동,"14,402","7,162","7,240","2,902","1,278","1,624","2,899","1,278","1,621",3,-,3
2020,도봉구,창4동,"27,286","13,109","14,177","4,098","1,791","2,307","4,094","1,788","2,306",4,3,1
2020,도봉구,창5동,"25,308","12,150","13,158","4,229","1,907","2,322","4,228","1,906","2,322",1,1,-
2020,도봉구,도봉1동,"21,810","11,008","10,802","5,658","2,595","3,063","5,652","2,593","3,059",6,2,4
2020,도봉구,도봉2동,"27,920","13,645","14,275","6,346","2,884","3,462","6,344","2,882","3,462",2,2,-
2020,노원구,소계,"527,032","254,188","272,844","85,489","36,080","49,409","85,420","36,050","49,370",69,30,39
2020,노원구,월계1동,"23,085","11,903","11,182","4,216","1,904","2,312","4,213","1,902","2,311",3,2,1
2020,노원구,월계2동,"27,615","13,295","14,320","5,691","2,382","3,309","5,688","2,381","3,307",3,1,2
2020,노원구,월계3동,"30,790","14,742","16,048","5,906","2,515","3,391","5,902","2,515","3,387",4,-,4
2020,노원구,공릉2동,"40,360","19,676","20,684","5,198","2,321","2,877","5,191","2,318","2,873",7,3,4
2020,노원구,하계1동,"27,965","13,476","14,489","4,347","1,614","2,733","4,345","1,614","2,731",2,-,2
2020,노원구,하계2동,"22,723","10,825","11,898","3,128","1,244","1,884","3,125","1,243","1,882",3,1,2
2020,노원구,중계본동,"24,942","12,220","12,722","2,565","1,124","1,441","2,564","1,123","1,441",1,1,-
2020,노원구,중계1동,"27,556","13,407","14,149","2,323",952,"1,371","2,319",950,"1,369",4,2,2
2020,노원구,중계4동,"20,752","10,017","10,735","3,957","1,568","2,389","3,952","1,566","2,386",5,2,3
2020,노원구,상계1동,"39,204","19,015","20,189","6,837","3,105","3,732","6,821","3,099","3,722",16,6,10
2020,노원구,상계2동,"20,692","10,217","10,475","3,284","1,511","1,773","3,283","1,510","1,773",1,1,-
2020,노원구,상계5동,"24,797","12,030","12,767","4,986","2,113","2,873","4,985","2,112","2,873",1,1,-
2020,노원구,상계8동,"22,963","11,022","11,941","2,790","1,158","1,632","2,789","1,157","1,632",1,1,-
2020,노원구,상계9동,"21,221","10,068","11,153","3,323","1,405","1,918","3,319","1,401","1,918",4,4,-
2020,노원구,상계10동,"17,631","8,133","9,498","2,457","1,056","1,401","2,457","1,056","1,401",-,-,-
2020,노원구,상계3.4동,"27,184","13,494","13,690","6,059","2,650","3,409","6,057","2,649","3,408",2,1,1
2020,노원구,상계6.7동,"33,642","15,610","18,032","4,866","2,001","2,865","4,863","2,000","2,863",3,1,2
2020,노원구,중계2.3동,"35,586","16,390","19,196","7,220","2,664","4,556","7,217","2,663","4,554",3,1,2
2020,노원구,공릉1동,"38,324","18,648","19,676","6,336","2,793","3,543","6,330","2,791","3,539",6,2,4
2020,은평구,소계,"484,043","231,998","252,045","85,187","36,850","48,337","85,010","36,758","48,252",177,92,85
2020,은평구,녹번동,"37,815","18,019","19,796","6,875","2,934","3,941","6,841","2,914","3,927",34,20,14
2020,은평구,불광1동,"40,022","18,932","21,090","7,691","3,251","4,440","7,675","3,242","4,433",16,9,7
2020,은평구,갈현1동,"23,396","11,396","12,000","4,393","1,922","2,471","4,388","1,919","2,469",5,3,2
2020,은평구,갈현2동,"29,239","13,824","15,415","4,900","2,104","2,796","4,889","2,102","2,787",11,2,9
2020,은평구,구산동,"32,997","16,383","16,614","6,136","2,959","3,177","6,130","2,956","3,174",6,3,3
2020,은평구,대조동,"27,579","12,840","14,739","5,001","2,124","2,877","4,986","2,118","2,868",15,6,9
2020,은평구,응암1동,"31,265","14,819","16,446","4,807","1,970","2,837","4,800","1,966","2,834",7,4,3
2020,은평구,응암2동,"27,776","13,485","14,291","3,766","1,598","2,168","3,753","1,590","2,163",13,8,5
2020,은평구,신사1동,"27,776","13,395","14,381","4,821","2,120","2,701","4,814","2,116","2,698",7,4,3
2020,은평구,신사2동,"20,945","10,434","10,511","3,848","1,683","2,165","3,843","1,680","2,163",5,3,2
2020,은평구,증산동,"15,487","7,542","7,945","3,105","1,418","1,687","3,097","1,413","1,684",8,5,3
2020,은평구,수색동,"11,258","5,554","5,704","2,032",861,"1,171","2,025",859,"1,166",7,2,5
2020,은평구,진관동,"57,256","26,864","30,392","8,028","3,484","4,544","8,017","3,478","4,539",11,6,5
2020,은평구,불광2동,"28,740","13,929","14,811","5,877","2,551","3,326","5,863","2,544","3,319",14,7,7
2020,은평구,응암3동,"25,553","12,448","13,105","5,600","2,343","3,257","5,595","2,341","3,254",5,2,3
2020,은평구,역촌동,"46,939","22,134","24,805","8,307","3,528","4,779","8,294","3,520","4,774",13,8,5
2020,서대문구,소계,"322,952","153,152","169,800","54,204","22,990","31,214","53,756","22,761","30,995",448,229,219
2020,서대문구,천연동,"18,049","8,570","9,479","3,302","1,327","1,975","3,290","1,323","1,967",12,4,8
2020,서대문구,홍제1동,"24,604","11,561","13,043","4,519","1,920","2,599","4,494","1,906","2,588",25,14,11
2020,서대문구,홍제3동,"15,983","7,734","8,249","3,617","1,509","2,108","3,610","1,506","2,104",7,3,4
2020,서대문구,홍제2동,"14,334","6,817","7,517","2,730","1,128","1,602","2,719","1,123","1,596",11,5,6
2020,서대문구,홍은1동,"23,266","11,219","12,047","4,490","1,934","2,556","4,474","1,923","2,551",16,11,5
2020,서대문구,홍은2동,"27,734","13,340","14,394","5,061","2,158","2,903","5,020","2,136","2,884",41,22,19
2020,서대문구,남가좌1동,"16,141","7,752","8,389","2,151",937,"1,214","2,129",924,"1,205",22,13,9
2020,서대문구,남가좌2동,"30,996","14,834","16,162","4,838","2,032","2,806","4,819","2,022","2,797",19,10,9
2020,서대문구,북가좌1동,"18,557","8,939","9,618","2,913","1,260","1,653","2,907","1,257","1,650",6,3,3
2020,서대문구,북가좌2동,"32,947","15,989","16,958","6,288","2,748","3,540","6,262","2,736","3,526",26,12,14
2020,서대문구,충현동,"21,229","10,208","11,021","3,471","1,474","1,997","3,459","1,468","1,991",12,6,6
2020,서대문구,북아현동,"16,956","8,078","8,878","2,331",942,"1,389","2,312",930,"1,382",19,12,7
2020,서대문구,신촌동,"23,051","9,515","13,536","2,217",941,"1,276","2,190",928,"1,262",27,13,14
2020,서대문구,연희동,"39,105","18,596","20,509","6,276","2,680","3,596","6,071","2,579","3,492",205,101,104
2020,마포구,소계,"381,858","178,977","202,881","54,331","22,800","31,531","54,002","22,632","31,370",329,168,161
2020,마포구,용강동,"22,257","10,505","11,752","2,948","1,238","1,710","2,929","1,231","1,698",19,7,12
2020,마포구,대흥동,"15,863","7,422","8,441","2,111",860,"1,251","2,098",854,"1,244",13,6,7
2020,마포구,염리동,"12,864","6,064","6,800","1,753",715,"1,038","1,742",707,"1,035",11,8,3
2020,마포구,신수동,"23,606","11,438","12,168","3,366","1,454","1,912","3,362","1,451","1,911",4,3,1
2020,마포구,서교동,"26,981","12,105","14,876","3,470","1,498","1,972","3,451","1,484","1,967",19,14,5
2020,마포구,합정동,"18,576","8,613","9,963","2,698","1,136","1,562","2,688","1,128","1,560",10,8,2
2020,마포구,망원1동,"21,113","9,910","11,203","3,402","1,415","1,987","3,391","1,411","1,980",11,4,7
2020,마포구,망원2동,"19,216","9,030","10,186","3,081","1,302","1,779","3,073","1,298","1,775",8,4,4
2020,마포구,연남동,"16,682","7,812","8,870","2,546","1,080","1,466","2,448","1,031","1,417",98,49,49
2020,마포구,성산1동,"19,679","9,238","10,441","2,959","1,267","1,692","2,940","1,257","1,683",19,10,9
2020,마포구,성산2동,"40,669","18,469","22,200","6,120","2,426","3,694","6,106","2,420","3,686",14,6,8
2020,마포구,상암동,"31,997","15,251","16,746","3,919","1,682","2,237","3,905","1,675","2,230",14,7,7
2020,마포구,도화동,"21,998","10,566","11,432","3,727","1,605","2,122","3,704","1,594","2,110",23,11,12
2020,마포구,서강동,"25,386","11,974","13,412","3,178","1,354","1,824","3,171","1,350","1,821",7,4,3
2020,마포구,공덕동,"38,750","18,300","20,450","5,882","2,434","3,448","5,856","2,423","3,433",26,11,15
2020,마포구,아현동,"26,221","12,280","13,941","3,171","1,334","1,837","3,138","1,318","1,820",33,16,17
2020,양천구,소계,"457,781","224,379","233,402","65,670","29,487","36,183","65,541","29,422","36,119",129,65,64
2020,양천구,목1동,"31,727","15,245","16,482","3,122","1,430","1,692","3,112","1,425","1,687",10,5,5
2020,양천구,목2동,"30,705","14,915","15,790","4,094","1,822","2,272","4,083","1,815","2,268",11,7,4
2020,양천구,목3동,"22,643","10,801","11,842","3,270","1,413","1,857","3,259","1,408","1,851",11,5,6
2020,양천구,목4동,"26,190","12,793","13,397","3,183","1,379","1,804","3,176","1,375","1,801",7,4,3
2020,양천구,신월1동,"21,246","10,877","10,369","4,082","1,902","2,180","4,072","1,898","2,174",10,4,6
2020,양천구,신월2동,"21,520","10,541","10,979","3,804","1,735","2,069","3,801","1,733","2,068",3,2,1
2020,양천구,신월3동,"15,965","8,402","7,563","2,956","1,354","1,602","2,949","1,354","1,595",7,-,7
2020,양천구,신월4동,"18,487","9,068","9,419","3,173","1,421","1,752","3,172","1,420","1,752",1,1,-
2020,양천구,신월5동,"15,189","7,510","7,679","2,386","1,084","1,302","2,377","1,078","1,299",9,6,3
2020,양천구,신월6동,"13,798","6,789","7,009","1,729",799,930,"1,729",799,930,-,-,-
2020,양천구,신월7동,"20,651","10,104","10,547","4,288","1,817","2,471","4,283","1,815","2,468",5,2,3
2020,양천구,신정1동,"21,074","10,281","10,793","2,646","1,198","1,448","2,637","1,191","1,446",9,7,2
2020,양천구,신정2동,"20,207","9,884","10,323","2,564","1,138","1,426","2,562","1,137","1,425",2,1,1
2020,양천구,신정3동,"46,787","22,794","23,993","6,816","2,969","3,847","6,799","2,961","3,838",17,8,9
2020,양천구,신정6동,"25,038","12,170","12,868","2,645","1,269","1,376","2,643","1,268","1,375",2,1,1
2020,양천구,신정7동,"30,075","14,539","15,536","4,832","2,029","2,803","4,826","2,026","2,800",6,3,3
2020,양천구,목5동,"42,288","20,933","21,355","4,308","2,077","2,231","4,307","2,076","2,231",1,1,-
2020,양천구,신정4동,"34,191","16,733","17,458","5,772","2,651","3,121","5,754","2,643","3,111",18,8,10
2020,강서구,소계,"585,901","282,686","303,215","88,984","39,204","49,780","88,733","39,051","49,682",251,153,98
2020,강서구,염창동,"42,017","20,422","21,595","4,241","1,937","2,304","4,237","1,937","2,300",4,-,4
2020,강서구,등촌1동,"24,338","11,362","12,976","2,809","1,213","1,596","2,803","1,210","1,593",6,3,3
2020,강서구,등촌2동,"21,216","10,385","10,831","3,096","1,411","1,685","3,093","1,409","1,684",3,2,1
2020,강서구,등촌3동,"31,660","15,070","16,590","6,498","2,688","3,810","6,488","2,685","3,803",10,3,7
2020,강서구,화곡본동,"34,981","17,030","17,951","4,764","2,046","2,718","4,753","2,044","2,709",11,2,9
2020,강서구,화곡2동,"18,727","9,103","9,624","2,846","1,261","1,585","2,842","1,258","1,584",4,3,1
2020,강서구,화곡3동,"21,938","10,521","11,417","3,962","1,807","2,155","3,955","1,804","2,151",7,3,4
2020,강서구,화곡4동,"21,413","10,461","10,952","3,730","1,635","2,095","3,718","1,628","2,090",12,7,5
2020,강서구,화곡6동,"25,133","12,249","12,884","3,831","1,706","2,125","3,824","1,702","2,122",7,4,3
2020,강서구,화곡8동,"25,674","12,330","13,344","4,332","1,896","2,436","4,305","1,882","2,423",27,14,13
2020,강서구,가양1동,"34,540","15,986","18,554","2,956","1,420","1,536","2,901","1,369","1,532",55,51,4
2020,강서구,가양2동,"14,588","6,894","7,694","3,860","1,650","2,210","3,859","1,649","2,210",1,1,-
2020,강서구,가양3동,"15,583","7,286","8,297","3,568","1,378","2,190","3,563","1,374","2,189",5,4,1
2020,강서구,발산1동,"37,530","17,808","19,722","4,659","1,969","2,690","4,655","1,965","2,690",4,4,-
2020,강서구,공항동,"27,627","14,133","13,494","3,818","1,748","2,070","3,795","1,734","2,061",23,14,9
2020,강서구,방화1동,"44,550","21,713","22,837","6,499","2,962","3,537","6,486","2,957","3,529",13,5,8
2020,강서구,방화2동,"23,442","11,594","11,848","4,755","2,053","2,702","4,740","2,046","2,694",15,7,8
2020,강서구,방화3동,"23,577","11,423","12,154","4,967","2,125","2,842","4,962","2,124","2,838",5,1,4
2020,강서구,화곡1동,"53,380","25,873","27,507","8,153","3,689","4,464","8,122","3,669","4,453",31,20,11
2020,강서구,우장산동,"43,987","21,043","22,944","5,640","2,610","3,030","5,632","2,605","3,027",8,5,3
2020,구로구,소계,"432,488","215,424","217,064","70,198","31,986","38,212","69,201","31,419","37,782",997,567,430
2020,구로구,신도림동,"36,494","17,861","18,633","4,596","2,163","2,433","4,585","2,157","2,428",11,6,5
2020,구로구,구로1동,"21,632","10,619","11,013","2,476","1,165","1,311","2,471","1,162","1,309",5,3,2
2020,구로구,구로3동,"25,722","13,155","12,567","3,465","1,527","1,938","3,388","1,484","1,904",77,43,34
2020,구로구,구로4동,"25,031","12,543","12,488","4,536","2,006","2,530","4,383","1,919","2,464",153,87,66
2020,구로구,구로5동,"32,339","15,874","16,465","4,645","2,162","2,483","4,521","2,088","2,433",124,74,50
2020,구로구,고척1동,"23,547","11,744","11,803","4,259","1,952","2,307","4,244","1,945","2,299",15,7,8
2020,구로구,고척2동,"27,853","13,786","14,067","5,036","2,288","2,748","5,014","2,274","2,740",22,14,8
2020,구로구,개봉2동,"32,218","15,707","16,511","6,240","2,895","3,345","6,220","2,886","3,334",20,9,11
2020,구로구,개봉3동,"21,284","10,415","10,869","4,166","1,879","2,287","4,146","1,871","2,275",20,8,12
2020,구로구,오류1동,"23,360","11,432","11,928","3,929","1,806","2,123","3,919","1,801","2,118",10,5,5
2020,구로구,수궁동,"24,297","12,015","12,282","4,287","1,926","2,361","4,275","1,919","2,356",12,7,5
2020,구로구,가리봉동,"14,263","8,148","6,115","2,163","1,007","1,156","2,001",912,"1,089",162,95,67
2020,구로구,구로2동,"33,050","17,202","15,848","5,864","2,626","3,238","5,580","2,461","3,119",284,165,119
2020,구로구,개봉1동,"35,239","17,635","17,604","6,246","2,900","3,346","6,203","2,878","3,325",43,22,21
2020,구로구,오류2동,"39,755","19,202","20,553","6,834","3,007","3,827","6,799","2,988","3,811",35,19,16
2020,구로구,항동,"16,404","8,086","8,318","1,456",677,779,"1,452",674,778,4,3,1
2020,금천구,소계,"247,835","126,141","121,694","39,842","18,153","21,689","39,314","17,869","21,445",528,284,244
2020,금천구,가산동,"25,973","14,334","11,639","2,604","1,292","1,312","2,523","1,250","1,273",81,42,39
2020,금천구,독산1동,"44,191","22,834","21,357","5,630","2,575","3,055","5,556","2,534","3,022",74,41,33
2020,금천구,독산2동,"20,666","10,519","10,147","3,396","1,588","1,808","3,349","1,565","1,784",47,23,24
2020,금천구,독산3동,"28,535","14,607","13,928","4,515","2,056","2,459","4,379","1,985","2,394",136,71,65
2020,금천구,독산4동,"17,464","8,871","8,593","2,886","1,334","1,552","2,831","1,303","1,528",55,31,24
2020,금천구,시흥1동,"35,781","17,966","17,815","6,110","2,757","3,353","6,038","2,715","3,323",72,42,30
2020,금천구,시흥2동,"22,092","10,646","11,446","4,046","1,811","2,235","4,044","1,809","2,235",2,2,-
2020,금천구,시흥3동,"11,285","5,597","5,688","2,301","1,052","1,249","2,294","1,048","1,246",7,4,3
2020,금천구,시흥4동,"21,520","10,660","10,860","4,035","1,850","2,185","4,004","1,833","2,171",31,17,14
2020,금천구,시흥5동,"20,328","10,107","10,221","4,319","1,838","2,481","4,296","1,827","2,469",23,11,12
2020,영등포구,소계,"407,367","202,969","204,398","61,688","27,856","33,832","60,663","27,298","33,365","1,025",558,467
2020,영등포구,여의동,"34,463","16,212","18,251","6,206","2,769","3,437","6,182","2,752","3,430",24,17,7
2020,영등포구,당산1동,"21,197","10,404","10,793","3,346","1,505","1,841","3,323","1,491","1,832",23,14,9
2020,영등포구,당산2동,"38,011","17,837","20,174","4,678","2,116","2,562","4,660","2,102","2,558",18,14,4
2020,영등포구,양평1동,"17,702","8,715","8,987","2,353",999,"1,354","2,334",991,"1,343",19,8,11
2020,영등포구,양평2동,"22,603","11,231","11,372","2,515","1,100","1,415","2,509","1,098","1,411",6,2,4
2020,영등포구,신길1동,"19,167","9,807","9,360","3,366","1,487","1,879","3,293","1,444","1,849",73,43,30
2020,영등포구,신길3동,"18,086","8,976","9,110","3,090","1,370","1,720","3,052","1,347","1,705",38,23,15
2020,영등포구,신길4동,"12,974","6,509","6,465","2,220",960,"1,260","2,182",937,"1,245",38,23,15
2020,영등포구,신길5동,"12,496","6,143","6,353","2,073",894,"1,179","2,022",869,"1,153",51,25,26
2020,영등포구,신길6동,"19,071","9,356","9,715","3,215","1,449","1,766","3,169","1,424","1,745",46,25,21
2020,영등포구,신길7동,"20,494","10,231","10,263","2,457","1,096","1,361","2,447","1,091","1,356",10,5,5
2020,영등포구,대림1동,"17,751","9,023","8,728","3,136","1,378","1,758","3,044","1,329","1,715",92,49,43
2020,영등포구,대림2동,"19,776","10,297","9,479","3,044","1,356","1,688","2,813","1,232","1,581",231,124,107
2020,영등포구,대림3동,"26,973","13,720","13,253","4,379","1,992","2,387","4,261","1,936","2,325",118,56,62
2020,영등포구,영등포본동,"23,790","12,280","11,510","4,051","1,891","2,160","3,971","1,851","2,120",80,40,40
2020,영등포구,영등포동,"28,749","15,425","13,324","3,523","1,852","1,671","3,503","1,839","1,664",20,13,7
2020,영등포구,도림동,"20,665","10,434","10,231","3,354","1,492","1,862","3,236","1,425","1,811",118,67,51
2020,영등포구,문래동,"33,399","16,369","17,030","4,682","2,150","2,532","4,662","2,140","2,522",20,10,10
2020,동작구,소계,"401,572","193,718","207,854","65,190","28,407","36,783","64,928","28,274","36,654",262,133,129
2020,동작구,노량진2동,"13,512","6,920","6,592","2,697","1,212","1,485","2,671","1,197","1,474",26,15,11
2020,동작구,상도1동,"46,840","22,494","24,346","6,884","2,982","3,902","6,869","2,977","3,892",15,5,10
2020,동작구,상도2동,"28,162","13,498","14,664","4,400","1,917","2,483","4,380","1,910","2,470",20,7,13
2020,동작구,상도3동,"25,416","12,142","13,274","4,325","1,867","2,458","4,315","1,859","2,456",10,8,2
2020,동작구,상도4동,"29,306","14,200","15,106","4,913","2,093","2,820","4,899","2,085","2,814",14,8,6
2020,동작구,사당1동,"23,632","11,214","12,418","3,683","1,684","1,999","3,666","1,675","1,991",17,9,8
2020,동작구,사당3동,"25,244","12,218","13,026","4,390","2,020","2,370","4,385","2,018","2,367",5,2,3
2020,동작구,사당4동,"14,599","6,987","7,612","2,623","1,141","1,482","2,618","1,137","1,481",5,4,1
2020,동작구,사당5동,"14,811","7,183","7,628","2,262",973,"1,289","2,259",973,"1,286",3,-,3
2020,동작구,대방동,"39,172","18,656","20,516","5,613","2,332","3,281","5,597","2,325","3,272",16,7,9
2020,동작구,신대방1동,"25,823","12,561","13,262","3,759","1,682","2,077","3,671","1,634","2,037",88,48,40
2020,동작구,신대방2동,"20,466","9,728","10,738","3,054","1,377","1,677","3,047","1,374","1,673",7,3,4
2020,동작구,흑석동,"34,544","16,508","18,036","5,728","2,394","3,334","5,712","2,386","3,326",16,8,8
2020,동작구,노량진1동,"32,387","16,108","16,279","5,627","2,426","3,201","5,620","2,424","3,196",7,2,5
2020,동작구,사당2동,"27,658","13,301","14,357","5,232","2,307","2,925","5,219","2,300","2,919",13,7,6
2020,관악구,소계,"509,803","255,211","254,592","78,875","35,108","43,767","78,430","34,880","43,550",445,228,217
2020,관악구,보라매동,"25,278","12,393","12,885","4,423","1,956","2,467","4,393","1,943","2,450",30,13,17
2020,관악구,청림동,"15,711","7,683","8,028","2,722","1,149","1,573","2,716","1,146","1,570",6,3,3
2020,관악구,행운동,"29,799","14,417","15,382","4,335","1,936","2,399","4,323","1,931","2,392",12,5,7
2020,관악구,낙성대동,"17,579","8,844","8,735","1,975",870,"1,105","1,971",869,"1,102",4,1,3
2020,관악구,중앙동,"15,758","7,486","8,272","2,412","1,055","1,357","2,404","1,051","1,353",8,4,4
2020,관악구,인헌동,"26,500","12,876","13,624","3,972","1,753","2,219","3,959","1,749","2,210",13,4,9
2020,관악구,남현동,"18,598","8,970","9,628","2,717","1,242","1,475","2,710","1,237","1,473",7,5,2
2020,관악구,서원동,"23,565","12,092","11,473","3,266","1,480","1,786","3,253","1,474","1,779",13,6,7
2020,관악구,신원동,"19,290","9,646","9,644","3,252","1,383","1,869","3,226","1,366","1,860",26,17,9
2020,관악구,서림동,"24,410","13,310","11,100","3,516","1,601","1,915","3,511","1,598","1,913",5,3,2
2020,관악구,신사동,"25,426","12,735","12,691","3,527","1,584","1,943","3,430","1,532","1,898",97,52,45
2020,관악구,신림동,"22,667","11,795","10,872","1,966",889,"1,077","1,927",868,"1,059",39,21,18
2020,관악구,난향동,"15,915","7,849","8,066","2,762","1,246","1,516","2,757","1,241","1,516",5,5,-
2020,관악구,조원동,"19,232","9,771","9,461","2,800","1,348","1,452","2,745","1,314","1,431",55,34,21
2020,관악구,대학동,"24,907","14,818","10,089","2,897","1,363","1,534","2,893","1,363","1,530",4,-,4
2020,관악구,은천동,"34,595","16,893","17,702","5,838","2,577","3,261","5,802","2,564","3,238",36,13,23
2020,관악구,성현동,"30,472","14,701","15,771","5,341","2,243","3,098","5,334","2,239","3,095",7,4,3
2020,관악구,청룡동,"36,325","17,376","18,949","4,455","2,027","2,428","4,418","2,008","2,410",37,19,18
2020,관악구,난곡동,"28,054","14,056","13,998","5,287","2,356","2,931","5,268","2,348","2,920",19,8,11
2020,관악구,삼성동,"23,935","11,943","11,992","5,735","2,468","3,267","5,731","2,467","3,264",4,1,3
2020,관악구,미성동,"31,787","15,557","16,230","5,677","2,582","3,095","5,659","2,572","3,087",18,10,8
2020,서초구,소계,"429,025","205,282","223,743","60,169","27,205","32,964","60,072","27,155","32,917",97,50,47
2020,서초구,서초1동,"21,187","10,180","11,007","2,978","1,404","1,574","2,971","1,403","1,568",7,1,6
2020,서초구,서초2동,"21,731","10,384","11,347","2,600","1,217","1,383","2,598","1,216","1,382",2,1,1
2020,서초구,서초3동,"32,307","15,748","16,559","4,647","2,166","2,481","4,641","2,162","2,479",6,4,2
2020,서초구,서초4동,"31,718","15,425","16,293","4,071","1,937","2,134","4,066","1,933","2,133",5,4,1
2020,서초구,잠원동,"28,532","13,677","14,855","3,348","1,478","1,870","3,344","1,476","1,868",4,2,2
2020,서초구,반포본동,"11,991","5,660","6,331","1,943",865,"1,078","1,941",863,"1,078",2,2,-
2020,서초구,반포1동,"32,630","15,742","16,888","3,533","1,566","1,967","3,525","1,562","1,963",8,4,4
2020,서초구,반포2동,"16,240","7,739","8,501","1,951",858,"1,093","1,947",856,"1,091",4,2,2
2020,서초구,반포3동,"22,412","10,620","11,792","2,917","1,246","1,671","2,913","1,242","1,671",4,4,-
2020,서초구,반포4동,"19,977","9,487","10,490","2,831","1,295","1,536","2,822","1,292","1,530",9,3,6
2020,서초구,방배본동,"21,293","9,891","11,402","3,030","1,354","1,676","3,023","1,350","1,673",7,4,3
2020,서초구,방배1동,"17,381","8,151","9,230","2,830","1,299","1,531","2,826","1,296","1,530",4,3,1
2020,서초구,방배2동,"20,404","9,572","10,832","3,495","1,571","1,924","3,491","1,569","1,922",4,2,2
2020,서초구,방배3동,"21,441","10,364","11,077","3,694","1,728","1,966","3,688","1,727","1,961",6,1,5
2020,서초구,방배4동,"24,036","10,975","13,061","3,426","1,523","1,903","3,420","1,520","1,900",6,3,3
2020,서초구,양재1동,"44,890","21,448","23,442","6,810","2,933","3,877","6,799","2,927","3,872",11,6,5
2020,서초구,양재2동,"22,709","11,387","11,322","2,870","1,287","1,583","2,863","1,283","1,580",7,4,3
2020,서초구,내곡동,"18,146","8,832","9,314","3,195","1,478","1,717","3,194","1,478","1,716",1,-,1
2020,강남구,소계,"544,055","260,378","283,677","75,096","33,656","41,440","74,959","33,589","41,370",137,67,70
2020,강남구,신사동,"16,914","7,859","9,055","2,969","1,319","1,650","2,962","1,315","1,647",7,4,3
2020,강남구,논현1동,"23,734","11,193","12,541","2,972","1,322","1,650","2,965","1,320","1,645",7,2,5
2020,강남구,논현2동,"21,997","10,238","11,759","3,161","1,368","1,793","3,156","1,366","1,790",5,2,3
2020,강남구,삼성1동,"13,600","6,754","6,846","2,087",975,"1,112","2,080",971,"1,109",7,4,3
2020,강남구,삼성2동,"30,368","14,482","15,886","3,394","1,493","1,901","3,389","1,490","1,899",5,3,2
2020,강남구,대치1동,"24,922","12,543","12,379","2,333","1,117","1,216","2,326","1,115","1,211",7,2,5
2020,강남구,대치4동,"20,744","9,780","10,964","2,078",902,"1,176","2,075",901,"1,174",3,1,2
2020,강남구,역삼1동,"36,771","17,763","19,008","3,678","1,685","1,993","3,658","1,678","1,980",20,7,13
2020,강남구,역삼2동,"37,291","17,477","19,814","3,607","1,570","2,037","3,599","1,565","2,034",8,5,3
2020,강남구,도곡1동,"22,227","10,537","11,690","2,902","1,388","1,514","2,893","1,383","1,510",9,5,4
2020,강남구,도곡2동,"34,042","15,841","18,201","4,691","2,267","2,424","4,682","2,261","2,421",9,6,3
2020,강남구,개포1동,"6,670","3,230","3,440","1,567",740,827,"1,566",740,826,1,-,1
2020,강남구,개포4동,"22,765","11,095","11,670","2,975","1,385","1,590","2,969","1,381","1,588",6,4,2
2020,강남구,일원본동,"23,945","11,807","12,138","2,863","1,304","1,559","2,863","1,304","1,559",-,-,-
2020,강남구,일원1동,"15,827","7,743","8,084","3,163","1,342","1,821","3,153","1,338","1,815",10,4,6
2020,강남구,일원2동,"17,709","8,574","9,135","3,165","1,254","1,911","3,165","1,254","1,911",-,-,-
2020,강남구,수서동,"15,299","6,933","8,366","4,410","1,678","2,732","4,407","1,676","2,731",3,2,1
2020,강남구,세곡동,"44,475","21,112","23,363","6,339","2,771","3,568","6,335","2,768","3,567",4,3,1
2020,강남구,압구정동,"27,440","12,671","14,769","5,095","2,256","2,839","5,088","2,252","2,836",7,4,3
2020,강남구,청담동,"27,266","12,757","14,509","3,820","1,725","2,095","3,813","1,722","2,091",7,3,4
2020,강남구,대치2동,"37,752","19,214","18,538","4,685","2,272","2,413","4,676","2,266","2,410",9,6,3
2020,강남구,개포2동,"22,297","10,775","11,522","3,142","1,523","1,619","3,139","1,523","1,616",3,-,3
2020,송파구,소계,"673,926","325,080","348,846","93,483","43,116","50,367","93,309","43,036","50,273",174,80,94
2020,송파구,풍납1동,"14,585","7,158","7,427","2,804","1,243","1,561","2,782","1,231","1,551",22,12,10
2020,송파구,풍납2동,"25,703","12,213","13,490","3,672","1,703","1,969","3,670","1,703","1,967",2,-,2
2020,송파구,거여1동,"13,077","6,615","6,462","2,302","1,094","1,208","2,298","1,092","1,206",4,2,2
2020,송파구,거여2동,"19,330","9,484","9,846","3,487","1,537","1,950","3,484","1,536","1,948",3,1,2
2020,송파구,마천1동,"19,909","10,137","9,772","4,171","1,908","2,263","4,168","1,907","2,261",3,1,2
2020,송파구,마천2동,"19,719","9,988","9,731","4,043","1,809","2,234","4,039","1,808","2,231",4,1,3
2020,송파구,방이1동,"16,298","7,858","8,440","2,143","1,003","1,140","2,136","1,000","1,136",7,3,4
2020,송파구,방이2동,"26,675","12,549","14,126","3,404","1,567","1,837","3,396","1,565","1,831",8,2,6
2020,송파구,오륜동,"18,495","9,095","9,400","2,610","1,262","1,348","2,608","1,261","1,347",2,1,1
2020,송파구,오금동,"39,668","19,228","20,440","6,087","2,788","3,299","6,081","2,786","3,295",6,2,4
2020,송파구,송파1동,"25,190","11,829","13,361","3,402","1,583","1,819","3,388","1,576","1,812",14,7,7
2020,송파구,송파2동,"20,800","9,988","10,812","2,867","1,373","1,494","2,864","1,372","1,492",3,1,2
2020,송파구,석촌동,"33,166","15,800","17,366","4,408","2,000","2,408","4,388","1,992","2,396",20,8,12
2020,송파구,삼전동,"31,839","14,999","16,840","3,921","1,719","2,202","3,915","1,717","2,198",6,2,4
2020,송파구,가락본동,"27,368","13,556","13,812","3,661","1,749","1,912","3,650","1,742","1,908",11,7,4
2020,송파구,가락1동,"27,876","13,544","14,332","3,058","1,453","1,605","3,057","1,452","1,605",1,1,-
2020,송파구,가락2동,"33,204","16,323","16,881","4,107","1,929","2,178","4,102","1,926","2,176",5,3,2
2020,송파구,문정1동,"20,868","10,281","10,587","2,926","1,422","1,504","2,919","1,419","1,500",7,3,4
2020,송파구,문정2동,"29,547","13,670","15,877","3,826","1,864","1,962","3,823","1,864","1,959",3,-,3
2020,송파구,잠실본동,"29,093","13,735","15,358","3,688","1,672","2,016","3,666","1,661","2,005",22,11,11
2020,송파구,잠실4동,"21,798","10,475","11,323","2,719","1,243","1,476","2,718","1,243","1,475",1,-,1
2020,송파구,잠실6동,"17,366","8,214","9,152","2,766","1,304","1,462","2,764","1,302","1,462",2,2,-
2020,송파구,잠실7동,"9,903","4,620","5,283","2,107","1,003","1,104","2,104","1,002","1,102",3,1,2
2020,송파구,잠실2동,"36,216","17,314","18,902","3,515","1,563","1,952","3,508","1,558","1,950",7,5,2
2020,송파구,잠실3동,"35,497","16,919","18,578","5,409","2,585","2,824","5,406","2,584","2,822",3,1,2
2020,송파구,장지동,"30,370","14,716","15,654","4,118","1,779","2,339","4,114","1,776","2,338",4,3,1
2020,송파구,위례동,"30,366","14,772","15,594","2,262",961,"1,301","2,261",961,"1,300",1,-,1
2020,강동구,소계,"463,998","228,044","235,954","70,019","31,931","38,088","69,903","31,876","38,027",116,55,61
2020,강동구,강일동,"35,778","17,250","18,528","5,323","2,338","2,985","5,317","2,336","2,981",6,2,4
2020,강동구,상일동,"33,345","16,438","16,907","3,659","1,770","1,889","3,655","1,767","1,888",4,3,1
2020,강동구,명일1동,"26,377","12,859","13,518","3,856","1,778","2,078","3,850","1,776","2,074",6,2,4
2020,강동구,명일2동,"17,555","8,679","8,876","2,463","1,197","1,266","2,462","1,196","1,266",1,1,-
2020,강동구,고덕1동,"26,103","13,292","12,811","2,783","1,264","1,519","2,780","1,263","1,517",3,1,2
2020,강동구,고덕2동,"22,568","11,413","11,155","2,752","1,331","1,421","2,751","1,331","1,420",1,-,1
2020,강동구,암사2동,"15,507","7,504","8,003","2,327","1,052","1,275","2,324","1,051","1,273",3,1,2
2020,강동구,암사3동,"18,420","9,014","9,406","2,531","1,223","1,308","2,528","1,222","1,306",3,1,2
2020,강동구,천호1동,"27,745","13,603","14,142","5,008","2,222","2,786","4,999","2,217","2,782",9,5,4
2020,강동구,천호3동,"27,085","13,235","13,850","4,577","2,081","2,496","4,563","2,075","2,488",14,6,8
2020,강동구,성내1동,"20,353","9,869","10,484","2,963","1,358","1,605","2,960","1,357","1,603",3,1,2
2020,강동구,성내2동,"24,948","12,248","12,700","4,231","1,948","2,283","4,215","1,936","2,279",16,12,4
2020,강동구,성내3동,"23,692","11,641","12,051","3,701","1,628","2,073","3,699","1,626","2,073",2,2,-
2020,강동구,둔촌1동,262,123,139,97,36,61,96,35,61,1,1,-
2020,강동구,둔촌2동,"26,413","12,981","13,432","4,135","1,908","2,227","4,131","1,907","2,224",4,1,3
2020,강동구,암사1동,"35,728","17,677","18,051","5,965","2,599","3,366","5,953","2,594","3,359",12,5,7
2020,강동구,천호2동,"35,251","17,402","17,849","5,969","2,699","3,270","5,946","2,689","3,257",23,10,13
2020,강동구,길동,"46,868","22,816","24,052","7,679","3,499","4,180","7,674","3,498","4,176",5,1,4
